reference,datestring,year,month,datenumber,Calbayog_NorthSamar,Cambatutay_Tarangnan_NorthSamar,IrongIrong_Catbalogan_NorthSamar,Maqueda_NorthSamar,Villareal_NorthSamar,DaramIsland_SamarSea_WestSamar,BiliranIsland,CarigaraBay_Leyte,CoastalLeyte_LeyteGulf_Leyte,Calubian_Leyte,SanPedroBay_SouthSamar
none,01-Jun-83,1983,6,724428,0,0,0,1,1,0,0,1,0,0,0
none,01-Jul-83,1983,7,724458,0,0,0,0,0,0,0,0,0,0,0
none,01-Aug-83,1983,8,724489,0,0,0,0,0,0,0,0,0,0,0
none,01-Sep-83,1983,9,724520,0,0,0,0,0,0,0,0,0,0,0
none,01-Apr-87,1987,4,725828,0,0,0,0,0,0,0,0,0,0,0
none,01-Aug-87,1987,8,725950,0,0,0,1,1,0,1,1,0,0,0
none,01-Aug-88,1988,8,726316,0,0,0,0,0,0,0,0,0,0,0
none,01-Sep-88,1988,9,726347,1,0,0,0,1,1,1,1,0,0,0
none,01-Oct-88,1988,10,726377,0,0,0,0,0,0,0,0,0,0,0
RU198801,14-Oct-88,1988,10,726390,0,0,0,1,0,0,0,0,0,0,0
RU198802,21-Oct-88,1988,10,726397,0,0,0,2,0,0,0,0,0,0,0
none,01-Nov-88,1988,11,726408,0,0,0,2,0,0,0,0,0,0,0
RU198804,03-Nov-88,1988,11,726410,0,0,0,2,0,0,0,0,0,0,0
RU198805,10-Nov-88,1988,11,726417,0,0,0,2,0,0,0,0,0,0,0
RU198806,17-Nov-88,1988,11,726424,0,0,0,2,0,0,0,1,0,0,0
RU198807,25-Nov-88,1988,11,726432,0,0,0,2,1,0,0,2,0,0,0
none,01-Dec-88,1988,12,726438,0,0,0,2,2,0,0,0,0,0,0
RU198811,25-Dec-88,1988,12,726462,0,0,0,2,2,0,0,2,0,0,0
none,01-Jan-89,1989,1,726469,1,0,0,0,2,0,1,0,1,0,1
none,01-Feb-89,1989,2,726500,0,0,0,0,2,1,2,1,0,0,0
none,01-Mar-89,1989,3,726528,1,0,0,0,2,2,2,2,0,0,0
RU1990xx,20-May-90,1990,5,726973,0,0,0,0,0,0,0,0,0,0,0
RU1990xx,22-Jun-90,1990,6,727006,0,0,1,0,0,0,0,0,0,0,0
RU1990xx,05-Jul-90,1990,7,727019,0,0,0,0,0,0,0,0,0,0,0
RU1990xx,06-Jul-90,1990,7,727020,0,0,0,0,0,0,0,0,0,0,0
RU1990xx,10-Jul-90,1990,7,727024,0,0,1,0,0,0,0,0,0,0,0
PR1990xx,07-Nov-90,1990,11,727144,0,0,0,0,0,0,0,0,0,0,0
PR199101,08-May-91,1991,5,727326,0,0,0,0,0,0,0,0,0,0,0
RU199100,17-Jun-91,1991,6,727366,0,0,0,0,0,0,0,0,0,0,0
PR199102,06-Jul-91,1991,7,727385,0,0,0,0,0,0,0,0,0,0,0
RU199101a,11-Jul-91,1991,7,727390,0,0,0,0,0,0,0,0,0,0,0
RU199101b,17-Jul-91,1991,7,727396,0,0,0,0,0,0,0,0,0,0,0
RU199102,28-Jul-91,1991,7,727407,0,0,0,0,0,0,0,0,0,0,0
RU199103,29-Jul-91,1991,7,727408,0,0,0,0,0,0,0,0,0,0,0
RU199104,01-Aug-91,1991,8,727411,0,0,0,0,0,0,0,0,0,0,0
PR199103,05-Aug-91,1991,8,727415,0,0,0,0,0,0,0,0,0,0,0
RU199105,15-Aug-91,1991,8,727425,0,0,0,0,0,0,0,0,0,0,0
RU199106,21-Aug-91,1991,8,727431,0,0,0,0,0,0,0,0,0,0,0
RU199107,30-Aug-91,1991,8,727440,0,0,0,0,0,0,0,0,0,0,0
RU199108,05-Sep-91,1991,9,727446,0,0,0,0,0,0,0,0,0,0,0
RU199109,16-Sep-91,1991,9,727457,0,0,0,0,0,0,0,0,0,0,0
RU199110,20-Sep-91,1991,9,727461,0,0,0,0,0,0,0,0,0,0,0
RU199111,01-Oct-91,1991,10,727472,0,0,0,0,0,0,0,0,0,0,0
RU199112,14-Oct-91,1991,10,727485,0,0,0,0,0,0,0,0,0,0,0
RU199114,15-Nov-91,1991,11,727517,0,0,0,0,0,0,0,0,0,0,0
RU199201,08-Jan-92,1992,1,727571,0,0,0,0,0,0,0,0,0,0,0
RU02,16-Mar-92,1992,3,727639,0,0,0,0,0,0,0,0,0,0,0
M1992xx,31-Mar-92,1992,3,727654,0,0,0,0,0,0,0,0,0,0,0
RU199203,01-Jun-92,1992,6,727716,0,0,0,0,0,0,0,0,0,0,0
RU05,15-Jun-92,1992,6,727730,0,0,0,0,0,0,0,0,0,0,0
RU199206,18-Jun-92,1992,6,727733,0,0,0,0,0,0,0,0,0,0,0
RU199211,21-Jul-92,1992,7,727766,0,0,0,0,0,0,0,0,0,0,0
RU199212,31-Jul-92,1992,7,727776,0,0,0,0,0,0,0,0,0,0,0
RU199213,07-Aug-92,1992,8,727783,0,0,0,0,0,0,0,0,0,0,0
RU199214,14-Aug-92,1992,8,727790,0,0,0,0,0,0,0,0,0,0,0
RU199215,28-Aug-92,1992,8,727804,0,0,0,0,0,0,0,0,0,0,0
RU199216,03-Sep-92,1992,9,727810,0,0,0,0,0,0,0,0,0,0,0
RU199217,08-Sep-92,1992,9,727815,0,0,0,0,0,0,0,0,0,0,0
RU199218,22-Sep-92,1992,9,727829,0,0,0,0,0,0,0,0,0,0,0
RU199219,02-Oct-92,1992,10,727839,0,0,0,0,0,0,0,0,0,0,0
RU199220,09-Oct-92,1992,10,727846,0,0,0,0,0,0,0,0,0,0,0
RU199221,16-Oct-92,1992,10,727853,0,0,0,0,0,0,0,0,0,0,0
RU199222,10-Nov-92,1992,11,727878,0,0,0,0,0,0,0,1,0,0,0
RU199223,18-Nov-92,1992,11,727886,0,0,0,0,0,0,0,2,0,0,0
RU199224,19-Nov-92,1992,11,727887,0,0,0,0,0,1,0,2,0,0,0
RU199225,25-Nov-92,1992,11,727893,0,0,0,1,1,2,0,2,0,0,0
RU199226,07-Dec-92,1992,12,727905,0,0,0,2,2,2,0,2,0,0,0
RU199227,14-Dec-92,1992,12,727912,1,0,0,2,2,2,0,2,0,0,0
RU199301,05-Jan-93,1993,1,727934,2,0,0,2,2,2,0,2,0,0,0
RU199302,22-Jan-93,1993,1,727951,2,1,0,2,2,2,0,2,0,0,0
RU199303,04-Feb-93,1993,2,727964,2,2,0,2,2,2,0,2,0,0,0
RU199304,15-Feb-93,1993,2,727975,2,2,0,2,2,2,0,2,0,0,0
RU199305,26-Feb-93,1993,2,727986,2,2,0,2,2,2,0,2,0,0,0
RU199306,23-Mar-93,1993,3,728011,2,2,1,2,2,2,0,2,0,0,0
RU199307,28-Apr-93,1993,4,728047,2,2,2,2,2,2,0,2,0,0,0
RU199308,29-Apr-93,1993,4,728048,2,2,2,2,2,2,0,2,0,0,0
RU199309,11-May-93,1993,5,728060,2,2,2,2,2,2,0,2,0,0,0
RU199310,18-May-93,1993,5,728067,2,2,2,2,2,2,0,2,0,0,0
RU199311,04-Jun-93,1993,6,728084,2,2,2,2,2,2,0,2,0,0,0
RU199312,21-Jun-93,1993,6,728101,2,2,2,2,2,2,0,2,0,0,0
RU199313,25-Jun-93,1993,6,728105,2,2,2,2,2,2,0,0,0,0,0
RU199314,09-Jul-93,1993,7,728119,0,0,0,0,0,0,0,0,0,0,0
RU199315,16-Jul-93,1993,7,728126,0,0,0,0,0,0,0,0,0,0,0
RU199316,30-Jul-93,1993,7,728140,0,0,0,0,0,0,0,0,0,0,0
RU199317,11-Aug-93,1993,8,728152,0,0,0,0,0,0,0,0,0,0,0
RU199318,20-Aug-93,1993,8,728161,0,0,0,0,0,0,0,0,0,0,0
RU199319,03-Sep-93,1993,9,728175,0,0,0,0,0,0,0,0,0,0,0
RU199320,10-Sep-93,1993,9,728182,0,0,0,0,0,0,0,0,0,0,0
RU199321,25-Sep-93,1993,9,728197,0,0,0,0,0,0,0,0,0,0,0
RU199322,09-Nov-93,1993,11,728242,0,0,0,0,0,0,0,0,0,0,0
RU199323,14-Dec-93,1993,12,728277,0,0,0,0,0,0,0,0,0,0,0
RU199401,14-Jan-94,1994,1,728308,0,0,0,0,0,0,0,0,0,0,0
RU199402,11-Feb-94,1994,2,728336,0,0,0,0,0,0,0,0,0,0,0
RU199403,14-Mar-94,1994,3,728367,0,0,0,0,0,0,0,0,0,0,0
RU199404,08-Apr-94,1994,4,728392,0,0,0,0,0,0,0,0,0,0,0
RU199405,22-Apr-94,1994,4,728406,0,0,0,0,0,0,0,0,0,0,0
RU06,13-May-94,1994,5,728427,0,0,0,0,0,0,0,0,0,0,0
RU199407,20-May-94,1994,5,728434,1,0,0,0,0,0,0,0,0,0,0
RU199408,27-May-94,1994,5,728441,2,0,0,0,0,0,0,0,0,0,0
RU199409,10-Jun-94,1994,6,728455,2,0,0,0,0,0,0,0,0,0,0
RU10,14-Jun-94,1994,6,728459,2,0,0,0,0,0,0,0,0,0,0
RU199411,21-Jun-94,1994,6,728466,2,0,0,0,0,0,0,0,0,0,0
RU199412,05-Jul-94,1994,7,728480,2,0,0,1,0,0,0,0,0,0,0
RU199413,15-Jul-94,1994,7,728490,2,0,0,0,0,0,0,1,0,0,0
RU199414,26-Jul-94,1994,7,728501,2,0,0,0,0,0,0,2,0,0,0
RU199415,29-Aug-94,1994,8,728535,2,0,0,0,0,0,0,2,0,0,0
RU199416,09-Sep-94,1994,9,728546,2,0,0,0,0,0,0,2,0,0,0
RU199417,14-Oct-94,1994,10,728581,2,0,0,0,0,0,0,2,0,0,0
RU199418,08-Nov-94,1994,11,728606,2,0,0,0,0,0,0,2,0,0,0
RU199419,08-Dec-94,1994,12,728636,2,0,0,0,0,0,0,2,0,0,0
RU199501,06-Jan-95,1995,1,728665,0,0,0,0,0,0,0,2,0,0,0
RU199502,08-Feb-95,1995,2,728698,1,0,0,0,0,0,0,0,0,0,0
RU199503,10-Mar-95,1995,3,728728,2,0,0,0,0,0,0,0,0,0,0
RU199504,21-Apr-95,1995,4,728770,2,0,0,0,0,0,0,0,0,0,0
RU199505,15-May-95,1995,5,728794,2,0,0,0,0,0,0,0,0,0,0
JS1995xx,17-May-95,1995,5,728796,2,0,0,0,0,0,0,0,0,0,0
RU199507,19-May-95,1995,5,728798,2,0,0,0,0,0,0,0,0,0,0
RU199508,02-Jun-95,1995,6,728812,2,0,0,0,0,0,0,0,0,0,0
JS1995xx,15-Jun-95,1995,6,728825,2,0,0,0,0,0,0,0,0,0,0
RU199510,23-Jun-95,1995,6,728833,2,0,0,0,0,0,0,0,0,0,0
RU199511,28-Jun-95,1995,6,728838,2,0,0,0,0,0,0,0,0,0,0
RU199512,18-Jul-95,1995,7,728858,2,0,0,0,0,0,0,0,0,0,0
RU199513,11-Aug-95,1995,8,728882,2,0,0,0,0,0,0,0,0,0,0
RU199514,25-Aug-95,1995,8,728896,2,0,0,0,0,0,0,0,0,0,0
RU199516,15-Sep-95,1995,9,728917,2,0,0,0,0,0,0,0,0,0,0
RU199517,22-Sep-95,1995,9,728924,2,0,0,0,0,0,0,0,0,0,0
RU199518,18-Oct-95,1995,10,728950,2,0,0,0,0,0,0,0,0,0,0
RU199519,14-Nov-95,1995,11,728977,2,0,0,0,0,0,0,0,0,0,0
RU199601,25-Jan-96,1996,1,729049,2,0,0,0,0,0,0,0,0,0,0
RU199602,11-Mar-96,1996,3,729095,2,0,0,0,0,0,0,0,0,0,0
RU199603,22-Mar-96,1996,3,729106,2,0,0,0,0,0,0,0,0,0,0
RU199604,27-Mar-96,1996,3,729111,2,0,0,0,0,0,0,0,0,0,0
RU199605,02-Apr-96,1996,4,729117,2,0,0,0,0,0,0,0,0,0,0
RU199606,16-Apr-96,1996,4,729131,2,0,0,0,0,0,0,0,0,0,0
RU199607,17-Apr-96,1996,4,729132,2,0,0,0,0,0,0,0,0,0,0
RU199608,10-May-96,1996,5,729155,2,0,0,0,0,0,0,0,0,0,0
RU199609,20-May-96,1996,5,729165,2,0,0,0,0,0,0,0,0,0,0
RU199610,04-Jun-96,1996,6,729180,2,0,0,0,0,0,0,0,0,0,0
RU199611,05-Jun-96,1996,6,729181,2,0,0,0,0,0,0,0,0,0,0
RU199612,11-Jun-96,1996,6,729187,2,0,0,0,0,0,0,0,0,0,0
RU199613,20-Jun-96,1996,6,729196,2,0,0,0,0,0,0,0,0,0,0
RU199614,03-Jul-96,1996,7,729209,2,0,0,0,0,0,0,0,0,0,0
RU199615,05-Jul-96,1996,7,729211,2,0,0,0,0,0,0,0,0,0,0
RU199616,18-Jul-96,1996,7,729224,2,0,0,0,0,0,0,0,0,0,0
RU199617,16-Aug-96,1996,8,729253,2,0,0,0,0,0,0,0,0,0,0
RU199618,06-Sep-96,1996,9,729274,2,0,0,0,0,0,0,0,0,0,0
RU199619,10-Sep-96,1996,9,729278,2,0,0,0,0,0,0,0,0,0,0
RU199620,20-Sep-96,1996,9,729288,2,0,0,0,0,0,0,0,0,0,0
RU199621,01-Oct-96,1996,10,729299,2,0,0,0,0,0,0,0,0,0,0
RU199622,18-Oct-96,1996,10,729316,2,0,0,0,0,0,0,0,0,0,0
RU199623,06-Nov-96,1996,11,729335,2,0,0,0,0,0,0,0,0,0,0
RU199624,11-Nov-96,1996,11,729340,2,0,0,0,0,0,0,0,0,0,0
RU199625,18-Nov-96,1996,11,729347,2,0,0,0,0,0,0,0,0,0,0
RU199701,10-Jan-97,1997,1,729400,2,0,0,0,0,0,0,0,0,0,0
RU199702,15-Jan-97,1997,1,729405,2,0,0,0,0,0,0,0,0,0,0
RU199703,31-Jan-97,1997,1,729421,2,0,0,0,0,0,0,0,0,0,0
RU199704,14-Feb-97,1997,2,729435,2,0,0,0,0,0,0,0,0,0,0
RU199705,13-Mar-97,1997,3,729462,2,0,0,0,0,0,0,0,0,0,0
M1997xx,14-Mar-97,1997,3,729463,2,0,0,0,0,0,0,0,0,0,0
RU199706,24-Mar-97,1997,3,729473,2,0,0,0,0,0,0,0,0,0,0
RU199707,03-Apr-97,1997,4,729483,2,0,0,0,0,0,0,0,0,0,0
RU199708,13-May-97,1997,5,729523,2,0,0,0,0,0,0,0,0,0,0
RU199709,06-Jun-97,1997,6,729547,2,0,0,0,0,0,0,0,0,0,0
RU199710,17-Jun-97,1997,6,729558,2,0,0,0,0,0,0,0,0,0,0
RU199711,08-Jul-97,1997,7,729579,2,0,0,0,0,0,0,0,0,0,0
RU199712,18-Aug-97,1997,8,729620,0,0,0,0,0,0,0,0,0,0,0
RU199713,12-Sep-97,1997,9,729645,0,0,0,0,0,0,0,0,0,0,0
RU199714,18-Oct-97,1997,10,729681,0,0,0,0,0,0,0,0,0,0,0
RU199715,03-Nov-97,1997,11,729697,0,0,0,0,0,0,0,0,0,0,0
RU199716,05-Dec-97,1997,12,729729,0,0,0,0,0,0,0,0,0,0,0
RU199717,18-Dec-97,1997,12,729742,0,0,0,0,0,0,0,0,0,0,0
RU199718,23-Dec-97,1997,12,729747,0,0,0,0,0,0,0,0,0,0,0
RU199801,08-Jan-98,1998,1,729763,0,0,0,0,0,0,0,0,0,0,0
RU199802,27-Jan-98,1998,1,729782,0,0,0,0,0,0,0,0,0,0,0
RU199803,26-Feb-98,1998,2,729812,0,0,0,0,0,0,0,0,0,0,0
RU199804,10-Mar-98,1998,3,729824,0,0,0,0,0,0,0,0,0,0,0
RU199805,27-Mar-98,1998,3,729841,0,0,0,0,0,0,0,0,0,0,0
RU199806,17-Apr-98,1998,4,729862,0,0,0,0,0,0,0,0,0,0,0
RU199807,08-May-98,1998,5,729883,1,0,0,0,0,0,0,0,0,0,0
RU199808,28-May-98,1998,5,729903,2,0,0,0,0,0,0,0,0,0,0
RU199809,10-Jun-98,1998,6,729916,2,0,0,0,0,0,0,0,0,0,0
RU199810,16-Jun-98,1998,6,729922,2,0,0,0,0,0,0,0,0,0,0
RU199811,18-Jun-98,1998,6,729924,2,0,0,0,0,0,0,0,0,0,0
RU199812,23-Jun-98,1998,6,729929,2,0,0,0,0,0,0,0,0,0,0
RU199813,03-Jul-98,1998,7,729939,2,0,0,0,0,0,0,0,0,0,0
RU199814,10-Jul-98,1998,7,729946,2,0,0,0,0,0,0,0,0,0,0
RU199815,17-Jul-98,1998,7,729953,2,0,0,0,0,0,0,0,0,0,0
RU199816,24-Jul-98,1998,7,729960,2,0,0,0,0,0,0,0,0,0,0
RU199817,31-Jul-98,1998,7,729967,2,0,0,0,0,0,0,0,0,0,0
RU199818,07-Aug-98,1998,8,729974,2,0,0,0,0,0,0,0,0,0,0
RU199819,14-Aug-98,1998,8,729981,2,0,0,0,0,0,0,0,0,0,0
RU199820,24-Aug-98,1998,8,729991,2,0,0,0,0,0,0,0,0,0,0
RU199821,31-Aug-98,1998,8,729998,2,0,0,0,0,0,0,0,0,0,0
RU199822,08-Sep-98,1998,9,730006,2,0,0,0,0,0,0,0,0,0,0
RU199823,14-Sep-98,1998,9,730012,2,0,0,0,0,0,0,0,0,0,0
RU199824,23-Sep-98,1998,9,730021,2,0,0,0,0,0,0,0,0,0,0
RU199825,02-Oct-98,1998,10,730030,2,0,0,0,0,0,0,0,0,0,0
RU199826,06-Oct-98,1998,10,730034,2,0,0,0,0,0,0,0,0,0,0
RU199827,08-Oct-98,1998,10,730036,2,0,0,0,0,0,0,0,0,0,0
RU199828,16-Oct-98,1998,10,730044,2,0,0,0,0,0,0,0,0,0,0
RU199829,23-Oct-98,1998,10,730051,2,0,0,0,0,0,0,0,0,0,0
RU199830,04-Nov-98,1998,11,730063,2,0,0,0,0,0,0,0,0,0,0
RU199831,13-Nov-98,1998,11,730072,2,0,0,0,0,0,0,0,0,0,0
RU199832,16-Nov-98,1998,11,730075,2,0,0,0,0,0,0,0,0,0,0
RU199833,28-Nov-98,1998,11,730087,2,0,0,0,0,0,0,0,0,0,0
RU199834,23-Dec-98,1998,12,730112,2,0,0,0,0,0,0,0,0,0,0
RU199901,14-Jan-99,1999,1,730134,0,0,0,0,0,0,0,0,0,0,0
RU199902,28-Jan-99,1999,1,730148,0,0,0,0,0,0,0,0,0,0,0
RU199903,08-Feb-99,1999,2,730159,0,0,0,0,0,0,0,0,0,0,0
RU199904,08-Mar-99,1999,3,730187,0,0,0,0,0,0,0,0,0,0,0
RU199905,22-Mar-99,1999,3,730201,0,0,0,0,0,0,0,0,0,0,0
RU199906,12-Apr-99,1999,4,730222,0,0,0,0,0,0,0,0,0,0,0
RU199907,29-Apr-99,1999,4,730239,0,0,0,0,0,0,0,0,0,0,0
RU199908,26-May-99,1999,5,730266,0,0,0,0,0,0,0,0,0,0,0
RU199909,21-Jun-99,1999,6,730292,0,0,0,0,0,0,0,0,0,0,0
RU199910,02-Jul-99,1999,7,730303,0,0,0,0,0,0,0,0,0,0,0
RU199911,23-Jul-99,1999,7,730324,0,0,0,0,0,0,0,0,0,0,0
RU199912,10-Aug-99,1999,8,730342,0,0,0,0,0,0,0,0,0,0,0
RU199913,31-Aug-99,1999,8,730363,0,0,0,0,0,0,0,0,0,0,0
RU199914,17-Sep-99,1999,9,730380,0,0,0,0,0,0,0,0,0,0,0
RU199915,24-Sep-99,1999,9,730387,0,0,0,0,0,0,0,0,0,0,0
RU199916,28-Sep-99,1999,9,730391,0,0,0,0,0,0,0,0,0,0,0
RU199917,04-Oct-99,1999,10,730397,0,0,0,0,0,0,0,0,0,0,0
RU199918,11-Oct-99,1999,10,730404,0,0,0,0,0,0,0,0,0,0,0
RU199919,20-Oct-99,1999,10,730413,0,0,0,0,0,0,0,0,0,0,0
RU199920,10-Nov-99,1999,11,730434,0,0,0,0,0,0,0,0,0,0,0
RU199921,19-Nov-99,1999,11,730443,0,0,0,0,0,0,0,0,0,0,0
RU199922,29-Nov-99,1999,11,730453,0,0,0,0,0,0,0,0,0,0,0
RU199923,10-Dec-99,1999,12,730464,0,0,0,0,0,0,0,0,0,0,0
RU200001,07-Jan-00,2000,1,730492,0,0,0,0,0,0,0,0,0,0,0
RU200002,21-Jan-00,2000,1,730506,0,0,0,0,0,0,0,0,0,0,0
RU200003,04-Feb-00,2000,2,730520,0,0,0,0,0,0,0,0,0,0,0
RU200004,24-Feb-00,2000,2,730540,0,0,0,0,0,0,0,0,0,0,0
RU200005,08-Mar-00,2000,3,730553,0,0,0,0,0,0,0,0,0,0,0
RU200006,24-Mar-00,2000,3,730569,0,0,0,0,0,0,0,0,0,0,0
RU200007,05-Apr-00,2000,4,730581,0,0,0,0,0,0,0,0,0,0,0
RU200008,18-Apr-00,2000,4,730594,0,0,0,0,0,0,0,0,0,0,0
RU200009,02-May-00,2000,5,730608,0,0,0,0,0,0,0,0,0,0,0
RU200010,12-May-00,2000,5,730618,0,0,0,0,0,0,0,0,0,0,0
RU200011,30-May-00,2000,5,730636,0,0,0,0,0,0,0,0,0,0,0
RU200012,16-Jun-00,2000,6,730653,0,0,0,0,0,0,0,0,0,0,0
RU200013,12-Jul-00,2000,7,730679,0,0,0,0,0,0,0,0,0,0,0
RU200014,24-Jul-00,2000,7,730691,0,0,0,0,0,0,0,0,0,0,0
RU200015,31-Jul-00,2000,7,730698,0,0,0,0,0,0,0,0,0,0,0
RU200016,11-Aug-00,2000,8,730709,0,0,0,0,0,0,0,0,0,0,0
RU200017,23-Aug-00,2000,8,730721,0,0,0,0,0,0,0,0,0,0,0
RU200018,08-Sep-00,2000,9,730737,0,0,0,0,0,0,0,0,0,0,0
RU200019,19-Sep-00,2000,9,730748,0,0,0,0,0,0,0,0,0,0,0
RU200020,13-Oct-00,2000,10,730772,0,0,0,0,0,0,0,0,0,0,0
RU200021,27-Oct-00,2000,10,730786,0,0,0,0,0,0,0,0,0,0,0
RU200022,16-Nov-00,2000,11,730806,0,0,0,0,0,0,0,0,0,0,0
RU200023,29-Nov-00,2000,11,730819,0,0,0,0,0,0,0,0,0,0,0
RU200024,22-Dec-00,2000,12,730842,0,0,0,0,0,0,0,0,0,0,0
RU200101,12-Jan-01,2001,1,730863,0,0,0,0,0,0,0,0,0,0,0
RU200102,29-Jan-01,2001,1,730880,0,0,0,0,0,0,0,0,0,0,0
RU200103,09-Feb-01,2001,2,730891,0,0,0,0,0,0,0,0,0,0,0
RU200104,26-Feb-01,2001,2,730908,0,0,0,0,0,0,0,0,0,0,0
RU200105,09-Mar-01,2001,3,730919,0,0,0,0,0,0,0,0,0,0,0
RU200106,23-Mar-01,2001,3,730933,0,0,0,0,0,0,0,0,0,0,0
RU200107,06-Apr-01,2001,4,730947,0,0,0,0,0,0,0,0,0,0,0
RU200108,23-Apr-01,2001,4,730964,0,0,0,0,0,0,0,0,0,0,0
RU200109,04-May-01,2001,5,730975,0,0,0,0,0,0,0,0,0,0,0
RU200110,11-May-01,2001,5,730982,0,0,0,0,0,0,0,0,0,0,0
RU200111,23-May-01,2001,5,730994,0,0,0,0,0,0,0,0,0,0,0
RU200112,31-May-01,2001,5,731002,0,0,0,0,0,0,0,0,0,0,0
RU200113,13-Jun-01,2001,6,731015,0,0,0,0,0,0,0,0,0,0,0
RU200114,27-Jun-01,2001,6,731029,0,0,0,0,0,0,0,0,0,0,0
RU200115,13-Jul-01,2001,7,731045,0,0,0,0,0,0,0,0,0,0,0
RU200116,27-Jul-01,2001,7,731059,0,0,0,0,0,0,0,0,0,0,0
RU200118,24-Aug-01,2001,8,731087,0,0,0,0,0,0,0,0,0,0,0
RU200119,07-Sep-01,2001,9,731101,0,0,0,0,0,0,0,0,0,0,0
RU200120,28-Sep-01,2001,9,731122,0,0,0,0,0,0,0,0,0,0,0
RU200121,12-Oct-01,2001,10,731136,0,0,0,0,0,0,0,0,0,0,0
RU200122,29-Oct-01,2001,10,731153,0,0,0,0,0,0,0,0,0,0,0
RU200123,09-Nov-01,2001,11,731164,0,0,0,0,0,0,0,0,0,0,0
RU200124,23-Nov-01,2001,11,731178,0,0,0,0,0,0,0,0,0,0,0
RU200125,04-Dec-01,2001,12,731189,0,0,0,0,0,0,0,0,0,0,0
RU200126,14-Dec-01,2001,12,731199,0,0,0,0,0,0,0,0,0,0,0
RU200201,18-Jan-02,2002,1,731234,0,0,0,0,0,0,0,0,0,0,0
RU200202,29-Jan-02,2002,1,731245,0,0,0,0,0,0,0,0,0,0,0
RU200203,02-Feb-02,2002,2,731249,0,0,0,0,0,0,0,0,0,0,0
RU200204,15-Feb-02,2002,2,731262,0,0,0,0,0,0,0,0,0,0,0
RU200205,28-Feb-02,2002,2,731275,0,0,0,0,0,0,0,0,0,0,0
RU200206,07-Mar-02,2002,3,731282,0,0,0,0,0,0,0,0,0,0,0
RU200207,22-Mar-02,2002,3,731297,0,0,0,0,0,0,0,0,0,0,0
RU200208,11-Apr-02,2002,4,731317,0,0,0,0,0,0,0,0,0,0,0
RU200209,25-Apr-02,2002,4,731331,0,0,0,0,0,0,0,0,0,0,0
RU200210,09-May-02,2002,5,731345,0,0,0,0,0,0,0,0,0,0,0
RU200211,23-May-02,2002,5,731359,0,0,0,0,0,0,0,0,0,0,0
RU200212,13-Jun-02,2002,6,731380,0,0,0,0,0,0,0,0,0,0,0
RU200213,02-Jul-02,2002,7,731399,0,0,0,0,0,0,0,0,0,0,0
RU200214,10-Jul-02,2002,7,731407,0,0,0,0,0,0,0,0,0,0,0
RU200215,13-Jul-02,2002,7,731410,0,0,0,0,0,0,0,0,0,0,0
RU200216,24-Jul-02,2002,7,731421,0,0,0,0,0,0,0,0,0,0,0
RU200217,01-Aug-02,2002,8,731429,0,0,0,0,0,0,0,0,0,0,0
RU200218,17-Aug-02,2002,8,731445,0,0,0,0,0,0,0,0,0,0,0
RU200219,30-Aug-02,2002,8,731458,0,0,0,0,0,0,0,0,0,0,0
RU200220,09-Sep-02,2002,9,731468,0,0,0,0,0,0,0,0,0,0,0
RU200221,23-Sep-02,2002,9,731482,0,0,0,0,0,0,0,0,0,0,0
RU200222,11-Oct-02,2002,10,731500,0,0,0,0,0,0,0,0,0,0,0
RU200223,23-Oct-02,2002,10,731512,0,0,0,0,0,0,0,0,0,0,0
RU200224,08-Nov-02,2002,11,731528,0,0,0,0,0,0,0,0,0,0,0
RU200225,28-Nov-02,2002,11,731548,0,0,0,0,0,0,0,0,0,0,0
RU200226,02-Dec-02,2002,12,731552,0,0,0,0,0,0,0,0,0,0,1
RU200227,05-Dec-02,2002,12,731555,0,0,0,0,0,0,0,0,0,0,2
RU200228,18-Dec-02,2002,12,731568,0,0,0,0,0,0,0,0,0,0,2
RU200301,10-Jan-03,2003,1,731591,0,0,0,0,0,0,0,0,0,0,2
RU200302,24-Jan-03,2003,1,731605,0,0,0,0,0,0,0,0,0,0,2
RU200303,14-Feb-03,2003,2,731626,0,0,0,0,0,0,0,0,0,0,2
RU200304,26-Feb-03,2003,2,731638,0,0,0,0,0,0,0,0,0,0,2
RU200305,06-Mar-03,2003,3,731646,0,0,0,0,0,0,0,0,0,0,2
RU200306,21-Mar-03,2003,3,731661,0,0,0,0,0,0,0,0,0,0,2
RU200307,03-Apr-03,2003,4,731674,0,0,0,0,0,0,0,0,0,0,2
SA2003xx,15-Apr-03,2003,4,731686,0,0,0,0,0,0,0,0,0,0,2
SA2003xx,21-Apr-03,2003,4,731692,0,0,0,0,0,0,0,0,0,0,2
RU200308,25-Apr-03,2003,4,731696,0,0,0,0,0,0,0,0,0,0,2
RU200309,16-May-03,2003,5,731717,0,0,0,0,0,0,0,0,0,0,2
RU200310,29-May-03,2003,5,731730,0,0,0,0,0,0,0,0,0,0,2
RU200311,06-Jun-03,2003,6,731738,0,0,0,0,0,0,0,0,0,0,2
RU200312,27-Jun-03,2003,6,731759,0,0,0,0,0,0,0,0,0,0,2
RU200313,11-Jul-03,2003,7,731773,0,0,0,0,0,0,0,0,0,0,2
SA2003xx,14-Jul-03,2003,7,731776,0,0,0,0,0,0,0,0,0,0,2
RU200314,31-Jul-03,2003,7,731793,0,0,0,0,0,0,0,0,0,0,2
RU200315,08-Aug-03,2003,8,731801,0,0,0,0,0,0,0,0,0,0,2
RU200316,21-Aug-03,2003,8,731814,0,0,0,0,0,0,0,0,0,0,2
RU200317,12-Sep-03,2003,9,731836,0,0,0,0,0,0,0,0,0,0,2
RU200318,26-Sep-03,2003,9,731850,0,0,0,0,0,0,0,0,0,0,2
RU200319,14-Oct-03,2003,10,731868,0,0,0,0,0,0,0,0,0,0,2
RU200320,30-Oct-03,2003,10,731884,0,0,0,0,0,0,0,0,0,0,2
RU200321,14-Nov-03,2003,11,731899,0,0,0,0,0,0,0,0,0,0,2
RU200322,28-Nov-03,2003,11,731913,0,0,0,0,0,0,0,0,0,0,2
RU200323,09-Dec-03,2003,12,731924,0,0,0,0,0,0,0,0,0,0,2
RU200324,17-Dec-03,2003,12,731932,0,0,0,0,0,0,0,0,0,0,2
RU200401,09-Jan-04,2004,1,731955,0,0,0,0,0,0,0,0,0,0,2
RU200402,23-Jan-04,2004,1,731969,0,0,0,0,0,0,0,0,0,0,2
RU200403,13-Feb-04,2004,2,731990,0,0,0,0,0,0,0,0,0,0,2
RU200404,26-Feb-04,2004,2,732003,0,0,0,0,0,0,0,0,0,0,2
RU200405,12-Mar-04,2004,3,732018,0,0,0,0,0,0,0,0,0,0,2
RU200406,26-Mar-04,2004,3,732032,0,0,0,0,0,0,0,0,0,0,2
RU200407,21-Apr-04,2004,4,732058,0,0,0,0,0,0,0,0,0,0,2
RU200408,06-May-04,2004,5,732073,0,0,0,0,0,0,0,0,0,0,2
RU200409,12-May-04,2004,5,732079,0,0,0,0,0,0,0,0,0,0,2
RU200410,07-Jun-04,2004,6,732105,0,0,0,0,0,0,0,0,0,0,2
RU200411,15-Jun-04,2004,6,732113,0,0,0,0,0,0,0,0,0,0,2
RU200412,22-Jun-04,2004,6,732120,0,0,0,0,0,0,0,0,0,0,2
RU200413,09-Jul-04,2004,7,732137,0,0,0,0,0,0,0,0,0,0,2
RU200414,23-Jul-04,2004,7,732151,0,0,0,0,0,0,0,0,0,0,0
RU200415,05-Aug-04,2004,8,732164,0,0,0,0,0,0,0,0,0,0,0
RU200416,17-Aug-04,2004,8,732176,0,0,0,0,0,0,0,0,0,0,0
RU200417,07-Sep-04,2004,9,732197,0,0,0,0,0,0,0,0,0,0,0
RU200418,24-Sep-04,2004,9,732214,0,0,0,0,0,0,0,0,0,0,0
RU200419,15-Oct-04,2004,10,732235,0,0,0,0,0,0,0,0,0,0,0
RU200420,28-Oct-04,2004,10,732248,0,0,0,0,0,0,0,0,0,0,0
RU200421,10-Nov-04,2004,11,732261,0,0,0,0,0,0,0,0,0,0,0
RU200422,26-Nov-04,2004,11,732277,0,0,0,0,0,0,0,0,0,0,0
SB200501,10-Jan-05,2005,1,732322,0,0,0,0,0,0,0,0,0,0,0
SB200502,26-Jan-05,2005,1,732338,0,0,0,0,0,0,0,0,0,0,0
SB200503,09-Feb-05,2005,2,732352,0,0,0,0,0,0,0,0,0,0,0
SB200504,23-Feb-05,2005,2,732366,0,0,0,0,0,0,0,0,0,0,0
SB200505,09-Mar-05,2005,3,732380,0,0,0,0,0,0,0,0,0,0,0
SB200506,21-Mar-05,2005,3,732392,0,0,0,0,0,0,0,0,0,0,0
SA2005xx,04-Apr-05,2005,4,732406,0,0,0,0,0,0,0,0,0,0,0
SB200507,06-Apr-05,2005,4,732408,0,0,0,0,0,0,0,0,0,0,0
SB200508,20-Apr-05,2005,4,732422,0,0,0,0,0,0,0,0,0,0,0
SB200509,04-May-05,2005,5,732436,0,0,0,0,0,0,0,0,0,0,0
SB200510,18-May-05,2005,5,732450,0,0,0,0,0,0,0,0,0,0,0
SB200511,01-Jun-05,2005,6,732464,0,0,0,0,0,0,0,0,0,0,0
SB200512,15-Jun-05,2005,6,732478,0,0,0,0,0,0,0,0,0,0,0
SB200513,29-Jun-05,2005,6,732492,0,0,0,0,0,0,0,0,0,0,0
SB200514,14-Jul-05,2005,7,732507,0,0,0,0,0,0,0,0,0,0,0
SB200515,04-Aug-05,2005,8,732528,0,0,0,0,0,0,0,0,0,0,0
SB200516,17-Aug-05,2005,8,732541,0,0,0,0,0,0,0,0,0,0,0
SB200517,07-Sep-05,2005,9,732562,0,0,0,0,0,0,0,0,0,0,0
SB200518,19-Sep-05,2005,9,732574,0,0,0,1,1,0,0,0,0,0,0
SB200519,05-Oct-05,2005,10,732590,0,0,0,2,2,0,0,0,0,0,0
SB200520,19-Oct-05,2005,10,732604,0,0,0,2,2,0,0,0,0,0,0
SB200521,02-Nov-05,2005,11,732618,0,0,0,2,2,0,0,0,0,0,0
SB200522,17-Nov-05,2005,11,732633,0,0,0,2,2,0,0,0,0,0,0
SB200523,30-Nov-05,2005,11,732646,0,0,0,2,2,0,0,0,0,0,0
SB200524,14-Dec-05,2005,12,732660,0,0,1,2,2,0,0,0,0,0,0
SA2005xx,20-Dec-05,2005,12,732666,0,0,2,2,2,0,0,0,0,0,0
SB200525,28-Dec-05,2005,12,732674,0,0,2,2,2,0,0,0,0,0,0
SB200601,12-Jan-06,2006,1,732689,0,0,2,0,0,0,0,0,0,0,0
SB200602,30-Jan-06,2006,1,732707,0,0,2,0,0,0,0,0,0,0,0
SB200603,10-Feb-06,2006,2,732718,0,0,2,0,0,0,0,0,0,0,0
SB200604,27-Feb-06,2006,2,732735,0,0,2,0,0,0,0,0,0,0,0
SB200605,15-Mar-06,2006,3,732751,0,0,2,0,0,0,0,0,0,0,0
SB200606,29-Mar-06,2006,3,732765,0,0,2,0,0,0,0,0,0,0,0
SB200607,13-Apr-06,2006,4,732780,0,0,2,0,0,0,0,0,0,0,0
SB200608,27-Apr-06,2006,4,732794,0,0,2,0,0,0,0,0,0,0,0
SB200609,05-May-06,2006,5,732802,0,0,2,0,0,0,0,0,0,0,0
SB200610,18-May-06,2006,5,732815,0,0,2,0,0,0,0,0,0,0,0
SB200611,30-May-06,2006,5,732827,0,0,2,0,0,0,0,0,0,0,0
SB200612,16-Jun-06,2006,6,732844,0,0,2,0,0,0,0,0,0,0,0
SB200613,05-Jul-06,2006,7,732863,0,0,2,0,0,0,0,0,0,0,0
SB200614,21-Jul-06,2006,7,732879,0,0,2,0,0,0,0,0,0,0,0
SB200615,09-Aug-06,2006,8,732898,0,0,2,0,0,0,0,0,0,0,0
SB200616,24-Aug-06,2006,8,732913,0,0,2,0,0,0,0,0,0,0,0
SB200617,07-Sep-06,2006,9,732927,0,0,2,0,0,0,0,0,0,0,0
SB200618,21-Sep-06,2006,9,732941,0,0,2,0,0,0,0,0,0,0,0
SB200619,07-Oct-06,2006,10,732957,0,0,2,0,0,0,0,0,0,0,0
SB200620,20-Oct-06,2006,10,732970,0,0,2,0,0,0,0,0,0,0,0
SB200621,03-Nov-06,2006,11,732984,0,0,2,0,0,0,0,0,0,0,0
SB200622,13-Nov-06,2006,11,732994,0,0,2,0,0,0,0,0,0,0,0
SB200623,27-Nov-06,2006,11,733008,0,0,2,0,0,0,0,0,0,0,0
SB200624,08-Dec-06,2006,12,733019,0,0,2,0,0,0,0,0,0,0,0
SB200625,22-Dec-06,2006,12,733033,0,0,2,0,0,0,0,0,0,0,0
SB200701,05-Jan-07,2007,1,733047,0,0,2,0,0,0,0,0,0,0,0
SB200702,19-Jan-07,2007,1,733061,0,0,2,0,0,0,0,0,0,0,0
SB200703,02-Feb-07,2007,2,733075,0,0,2,0,0,0,0,0,0,0,0
SB200704,16-Feb-07,2007,2,733089,0,0,2,0,0,0,0,0,0,0,0
SB200705,02-Mar-07,2007,3,733103,0,0,2,0,0,0,0,0,0,0,0
SB200706,13-Mar-07,2007,3,733114,0,0,2,0,0,0,0,0,0,0,0
SB200707,26-Mar-07,2007,3,733127,0,0,0,0,0,0,0,0,0,0,0
SB200708,03-Apr-07,2007,4,733135,0,0,0,0,0,0,0,0,0,0,0
SB200709,17-Apr-07,2007,4,733149,0,0,0,0,0,0,0,0,0,0,0
SB200710,02-May-07,2007,5,733164,0,0,0,0,0,0,0,0,0,0,0
SB200711,18-May-07,2007,5,733180,0,0,0,0,0,0,0,0,0,0,0
SB200712,29-May-07,2007,5,733191,0,0,0,0,0,0,0,0,0,0,0
SB200713,01-Jun-07,2007,6,733194,0,0,0,0,0,0,0,0,0,0,0
SB200714,14-Jun-07,2007,6,733207,0,0,0,0,0,0,0,0,0,0,0
SB200715,18-Jun-07,2007,6,733211,0,0,0,0,0,0,0,0,0,0,0
SB200716,02-Jul-07,2007,7,733225,0,0,0,0,0,0,0,0,0,0,0
SB200717,16-Jul-07,2007,7,733239,0,0,0,0,0,0,0,0,0,0,0
SB200718,01-Aug-07,2007,8,733255,0,0,0,0,0,0,0,0,0,0,0
SB200719,14-Aug-07,2007,8,733268,0,0,0,0,0,0,0,0,0,0,0
SB200720,23-Aug-07,2007,8,733277,0,0,0,0,0,0,0,0,0,0,0
SB200721,06-Sep-07,2007,9,733291,0,0,0,0,0,0,0,0,0,0,0
SB200722,21-Sep-07,2007,9,733306,0,0,0,0,0,0,0,1,0,0,0
SB200723,05-Oct-07,2007,10,733320,0,0,0,0,0,0,0,2,0,0,0
SB200724,16-Oct-07,2007,10,733331,0,0,0,0,0,0,0,0,0,0,0
SB200725,19-Oct-07,2007,10,733334,0,0,1,0,0,0,0,0,0,0,0
SB200726,22-Oct-07,2007,10,733337,0,0,2,0,0,0,0,1,0,0,0
SB200727,05-Nov-07,2007,11,733351,0,0,2,0,0,0,0,2,0,0,0
SB200728,19-Nov-07,2007,11,733365,0,0,2,0,0,0,0,2,0,0,0
SB200729,04-Dec-07,2007,12,733380,0,0,2,0,0,0,0,2,0,0,0
SB200730,18-Dec-07,2007,12,733394,0,0,2,0,0,0,0,2,0,0,0
SB200801,02-Jan-08,2008,1,733409,0,0,2,0,0,0,0,2,0,0,0
SB200802,16-Jan-08,2008,1,733423,0,0,2,0,0,0,0,0,0,0,0
SB200803,29-Jan-08,2008,1,733436,0,0,2,0,0,0,0,0,0,0,0
SB200804,13-Feb-08,2008,2,733451,0,0,2,0,0,0,0,0,0,0,0
SB200805,22-Feb-08,2008,2,733460,0,0,2,0,0,0,0,0,0,0,0
SB200806,05-Mar-08,2008,3,733472,0,0,2,0,0,0,0,0,0,0,0
SB200807,07-Mar-08,2008,3,733474,0,0,2,0,0,0,0,0,0,0,0
SB200808,20-Mar-08,2008,3,733487,0,0,2,0,0,0,0,0,0,0,0
SB200809,02-Apr-08,2008,4,733500,0,0,0,0,0,0,0,0,0,0,0
SB200810,11-Apr-08,2008,4,733509,0,0,0,0,0,0,0,0,0,0,0
SB200811,25-Apr-08,2008,4,733523,0,0,0,0,0,0,0,0,0,0,0
SB200812,09-May-08,2008,5,733537,0,0,0,0,0,0,0,0,0,0,0
SB200813,15-May-08,2008,5,733543,0,0,0,0,0,0,0,0,0,0,0
SB200814,16-May-08,2008,5,733544,0,0,0,0,0,0,0,0,0,0,0
SB200815,30-May-08,2008,5,733558,0,0,0,0,0,0,0,0,0,0,0
SB200816,16-Jun-08,2008,6,733575,0,0,0,0,0,0,0,0,0,0,0
SB200817,23-Jun-08,2008,6,733582,0,0,0,0,0,0,0,0,0,0,0
SB200818,10-Jul-08,2008,7,733599,0,0,0,0,0,0,0,0,0,0,0
SB200819,25-Jul-08,2008,7,733614,0,0,0,0,0,0,0,0,0,0,0
SB200820,07-Aug-08,2008,8,733627,0,0,0,0,0,0,0,0,0,0,0
SB200821,21-Aug-08,2008,8,733641,0,0,0,0,0,0,0,0,0,0,0
SB200822,04-Sep-08,2008,9,733655,0,0,0,0,0,0,0,0,0,0,0
SB200823,12-Sep-08,2008,9,733663,0,0,0,0,0,0,0,0,0,0,0
SB200824,25-Sep-08,2008,9,733676,0,0,0,0,0,0,0,0,0,0,0
SB200825,09-Oct-08,2008,10,733690,0,0,0,0,0,0,0,0,0,0,0
SB200826,23-Oct-08,2008,10,733704,0,0,0,0,0,0,0,0,0,0,0
SB200827,06-Nov-08,2008,11,733718,0,0,0,0,0,0,0,0,0,0,0
SB200828,19-Nov-08,2008,11,733731,0,0,0,0,0,0,0,0,0,0,0
SB200829,03-Dec-08,2008,12,733745,0,0,0,0,0,0,0,0,0,0,0
SB200830,18-Dec-08,2008,12,733760,0,0,0,0,0,0,0,0,0,0,0
SB200901,02-Jan-09,2009,1,733775,0,0,0,0,0,0,0,0,0,0,0
SB200902,20-Jan-09,2009,1,733793,0,0,0,0,0,0,0,0,0,0,0
SB200903,02-Feb-09,2009,2,733806,0,0,0,0,0,0,0,0,0,0,0
SB200904,17-Feb-09,2009,2,733821,0,0,0,0,0,0,0,0,0,0,0
SB200905,03-Mar-09,2009,3,733835,0,0,0,0,0,0,0,0,0,0,0
SB200906,17-Mar-09,2009,3,733849,0,0,0,0,0,0,0,0,0,0,0
SB200907,01-Apr-09,2009,4,733864,0,0,0,0,0,0,0,0,0,0,0
SB200908,15-Apr-09,2009,4,733878,0,0,0,0,0,0,0,0,0,0,0
SB200909,30-Apr-09,2009,4,733893,0,0,0,0,0,0,0,0,0,0,0
SB200910,15-May-09,2009,5,733908,0,0,0,0,0,0,0,0,0,0,0
SB200911,27-May-09,2009,5,733920,0,0,0,0,0,0,0,0,0,0,0
SB200912,10-Jun-09,2009,6,733934,0,0,0,0,0,0,0,0,0,0,0
SB200913,26-Jun-09,2009,6,733950,0,0,0,0,0,0,0,0,0,0,0
SB200914,01-Jul-09,2009,7,733955,0,0,0,0,0,0,0,0,0,0,0
SB200915,15-Jul-09,2009,7,733969,0,0,0,0,0,0,0,0,0,0,0
SB200916,23-Jul-09,2009,7,733977,0,0,0,0,0,0,0,0,0,0,0
SB200917,31-Jul-09,2009,7,733985,0,0,0,0,0,0,0,0,0,0,0
SB200918,14-Aug-09,2009,8,733999,0,0,0,0,0,0,0,0,0,0,0
SB200919,01-Sep-09,2009,9,734017,0,0,0,0,0,0,0,0,0,0,0
SB200920,15-Sep-09,2009,9,734031,0,0,0,0,0,0,0,0,0,0,0
SB200920a,16-Sep-09,2009,9,734032,0,0,0,0,0,0,0,0,0,0,0
SB200921,30-Sep-09,2009,9,734046,0,0,0,0,0,0,0,0,0,0,0
SB200922,03-Oct-09,2009,10,734049,0,0,0,0,0,0,0,0,0,0,0
SB200923,16-Oct-09,2009,10,734062,0,0,0,0,0,0,0,0,0,0,0
SB200924,30-Oct-09,2009,10,734076,0,0,0,0,0,0,0,0,0,0,0
SB200925,13-Nov-09,2009,11,734090,0,0,0,0,0,0,0,0,0,0,0
SB200926,27-Nov-09,2009,11,734104,0,0,0,0,0,0,0,0,0,0,0
SB200927,11-Dec-09,2009,12,734118,0,0,0,0,0,0,0,0,0,0,0
SB200928,23-Dec-09,2009,12,734130,0,0,0,0,0,0,0,0,0,0,0
SB201001,05-Jan-10,2010,1,734143,0,0,0,0,0,0,0,0,0,0,0
SB201002,10-Jan-10,2010,1,734148,0,0,0,0,0,0,0,0,0,0,0
SB201003,05-Feb-10,2010,2,734174,0,0,0,0,0,0,0,0,0,0,0
SB201004,16-Feb-10,2010,2,734185,0,0,0,0,0,0,0,0,0,0,0
SB201005,02-Mar-10,2010,3,734199,0,0,0,0,0,0,0,0,0,0,0
SB201006,17-Mar-10,2010,3,734214,0,0,0,0,0,0,0,0,0,0,0
SB201007,30-Mar-10,2010,3,734227,0,0,0,0,0,0,0,0,0,0,0
SB201008,15-Apr-10,2010,4,734243,0,0,0,0,0,0,0,0,0,0,0
SB201009,21-Apr-10,2010,4,734249,0,0,0,0,0,0,0,0,0,0,0
SB201010,07-May-10,2010,5,734265,0,0,0,0,0,0,0,0,0,0,0
SB201011,13-May-10,2010,5,734271,0,0,0,0,0,0,0,0,0,0,0
SB201012,27-May-10,2010,5,734285,0,0,0,0,0,0,0,0,0,0,0
SB201013,10-Jun-10,2010,6,734299,0,0,0,0,0,0,0,0,0,0,0
SB201014,25-Jun-10,2010,6,734314,0,0,0,0,0,0,0,0,0,0,0
SB201015,08-Jul-10,2010,7,734327,0,0,0,0,0,0,0,0,0,0,0
SB201016,22-Jul-10,2010,7,734341,0,0,0,0,0,0,0,0,0,0,0
SB201017,26-Jul-10,2010,7,734345,0,0,0,0,0,0,0,0,0,0,0
SB201018,11-Aug-10,2010,8,734361,0,0,0,0,0,0,0,0,0,0,0
SB201019,17-Aug-10,2010,8,734367,0,0,0,0,0,0,0,0,0,0,0
SB201020,20-Aug-10,2010,8,734370,0,0,0,0,0,0,0,1,0,0,0
SB201021,02-Sep-10,2010,9,734383,0,0,0,0,0,0,0,2,0,0,0
SB201022,09-Sep-10,2010,9,734390,0,0,0,0,0,0,0,2,0,0,0
SB201023,23-Sep-10,2010,9,734404,0,0,0,0,0,0,0,2,0,0,0
SB201024,07-Oct-10,2010,10,734418,0,0,0,0,0,0,0,2,0,0,0
SB201025,21-Oct-10,2010,10,734432,0,0,0,0,0,0,0,2,0,0,0
SB201026,03-Nov-10,2010,11,734445,0,0,0,0,0,0,0,2,0,0,0
SB201027,05-Nov-10,2010,11,734447,0,0,0,0,0,0,0,2,0,0,0
SB201028,19-Nov-10,2010,11,734461,0,0,0,0,0,0,0,2,0,0,0
SB201029,02-Dec-10,2010,12,734474,0,0,0,0,0,0,0,2,0,0,0
SB201030,08-Dec-10,2010,12,734480,0,0,0,0,0,0,0,0,0,0,0
SB201031,22-Dec-10,2010,12,734494,0,0,0,0,0,0,0,0,0,0,0
SB201101,05-Jan-11,2011,1,734508,0,0,0,0,0,0,0,0,0,0,0
SB201102,19-Jan-11,2011,1,734522,0,0,0,0,0,0,0,0,0,0,0
SB201103,03-Feb-11,2011,2,734537,0,0,0,0,0,0,0,0,0,0,0
SB201104,16-Feb-11,2011,2,734550,0,0,0,0,0,0,0,0,0,0,0
SB201105,03-Mar-11,2011,3,734565,0,0,0,0,0,0,0,0,0,0,0
SB201106,14-Mar-11,2011,3,734576,0,0,0,0,0,0,0,0,0,0,0
SB201107,21-Mar-11,2011,3,734583,0,0,0,0,0,0,0,0,0,0,0
SB201108,04-Apr-11,2011,4,734597,0,0,0,0,0,0,0,0,0,0,0
SB201109,20-Apr-11,2011,4,734613,0,0,0,0,0,0,0,0,0,0,0
SB201110,03-May-11,2011,5,734626,0,0,0,0,0,0,0,0,0,0,0
SB201111,17-May-11,2011,5,734640,0,0,0,0,0,0,0,0,0,0,0
SB201112,31-May-11,2011,5,734654,0,0,0,0,0,0,0,0,0,0,0
SB201113,13-Jun-11,2011,6,734667,0,0,0,0,0,0,0,0,0,0,0
SB201114,29-Jun-11,2011,6,734683,0,0,0,0,0,0,0,0,0,0,0
SB201115,11-Jul-11,2011,7,734695,0,0,0,0,0,0,0,0,0,0,0
SB201116,26-Jul-11,2011,7,734710,0,0,0,0,0,0,0,0,0,0,0
SB201117,09-Aug-11,2011,8,734724,0,0,0,0,0,0,0,0,0,0,0
SB201118,23-Aug-11,2011,8,734738,0,0,0,0,0,0,0,0,0,0,0
SB201119,06-Sep-11,2011,9,734752,0,0,0,0,0,0,0,0,0,0,0
SB201120,19-Sep-11,2011,9,734765,0,0,0,0,0,0,0,0,0,0,0
SB201121,03-Oct-11,2011,10,734779,0,0,0,0,0,0,0,0,0,0,0
SB201122,17-Oct-11,2011,10,734793,0,0,0,0,0,0,0,0,0,0,0
SB201123,02-Nov-11,2011,11,734809,0,0,0,0,0,0,0,0,0,0,0
SB201124,16-Nov-11,2011,11,734823,0,0,0,0,0,0,0,0,0,0,0
SB201125,21-Nov-11,2011,11,734828,0,0,0,0,0,0,0,0,0,0,0
SB201126,05-Dec-11,2011,12,734842,0,0,0,0,0,0,0,0,0,0,0
SB201127,19-Dec-11,2011,12,734856,0,0,0,0,0,0,0,0,0,0,0
SB201128,23-Dec-11,2011,12,734860,0,0,0,0,0,0,0,0,0,0,0
SB201201,06-Jan-12,2012,1,734874,0,0,0,0,0,0,0,0,0,0,0
SB201202,20-Jan-12,2012,1,734888,0,0,0,0,0,0,0,0,0,0,0
SB201203,27-Jan-12,2012,1,734895,0,0,0,0,0,0,0,0,0,0,0
SB201204,09-Feb-12,2012,2,734908,0,0,0,0,0,0,0,0,0,0,0
SB201205,23-Feb-12,2012,2,734922,0,0,0,0,0,0,0,0,0,0,0
SB201206,29-Feb-12,2012,2,734928,0,0,0,0,0,0,0,0,0,0,0
SB201207,14-Mar-12,2012,3,734942,0,0,0,0,0,0,0,0,0,0,0
SB201208,30-Mar-12,2012,3,734958,0,0,0,0,0,0,0,0,0,0,0
SB201209,03-Apr-12,2012,4,734962,0,0,0,0,0,0,0,0,0,0,0
SB201210,17-Apr-12,2012,4,734976,0,0,0,0,0,0,0,0,0,0,0
SB201211,03-May-12,2012,5,734992,0,0,0,0,0,0,0,0,0,0,0
SB201212,16-May-12,2012,5,735005,0,0,0,0,0,0,0,0,0,0,0
SB201213,30-May-12,2012,5,735019,0,0,0,0,0,0,0,0,0,0,0
SB201214,04-Jun-12,2012,6,735024,0,0,0,0,0,0,0,0,0,0,0
SB201215,21-Jun-12,2012,6,735041,0,0,0,0,0,0,0,0,0,0,0
SB201216,05-Jul-12,2012,7,735055,0,0,0,0,0,0,0,0,0,0,0
SB201217,18-Jul-12,2012,7,735068,0,0,0,0,0,0,0,0,0,0,0
SB201218,26-Jul-12,2012,7,735076,0,0,0,0,0,0,0,0,0,0,0
SB201219,03-Aug-12,2012,8,735084,0,0,0,0,0,0,0,0,0,0,0
SB201220,17-Aug-12,2012,8,735098,0,0,0,0,0,0,0,0,0,0,0
SB201221,31-Aug-12,2012,8,735112,0,0,0,0,0,0,0,0,0,0,0
SB201222,14-Sep-12,2012,9,735126,0,0,0,0,0,0,0,0,0,0,0
SB201223,28-Sep-12,2012,9,735140,0,0,0,0,0,0,0,0,0,0,0
SB201224,12-Oct-12,2012,10,735154,0,0,0,0,0,0,0,0,0,0,0
SB201225,25-Oct-12,2012,10,735167,0,0,0,0,0,0,0,0,0,0,0
SB201226,08-Nov-12,2012,11,735181,0,0,0,0,0,0,0,0,0,0,0
SB201227,23-Nov-12,2012,11,735196,0,0,0,0,0,0,0,0,0,0,0
SB201228,07-Dec-12,2012,12,735210,0,0,0,0,0,0,0,0,0,0,0
SB201229,20-Dec-12,2012,12,735223,0,0,0,0,0,0,0,0,0,0,0
SB201301,09-Jan-13,2013,1,735243,0,0,0,0,0,0,0,0,0,0,0
SB201302,23-Jan-13,2013,1,735257,0,0,0,0,0,0,0,0,0,0,0
SB201303,06-Feb-13,2013,2,735271,0,0,0,0,0,0,0,0,0,0,0
SB201304,19-Feb-13,2013,2,735284,0,0,0,0,0,0,0,0,0,0,0
SB201305,06-Mar-13,2013,3,735299,0,0,0,0,0,0,0,0,0,0,0
SB201306,20-Mar-13,2013,3,735313,0,0,0,0,0,0,0,0,0,0,0
SB201307,03-Apr-13,2013,4,735327,0,0,0,0,0,0,0,0,0,0,0
SB201308,04-Apr-13,2013,4,735328,0,0,0,0,0,0,0,0,0,0,0
SB201309,17-Apr-13,2013,4,735341,0,0,0,0,0,0,0,0,0,0,0
SB201310,29-Apr-13,2013,4,735353,0,0,0,0,0,0,0,0,0,0,0
SB201311,14-May-13,2013,5,735368,0,0,0,0,0,0,0,0,0,0,0
SB201312,28-May-13,2013,5,735382,0,0,0,0,0,0,0,0,0,0,0
SB201313,10-Jun-13,2013,6,735395,0,0,0,0,0,0,0,0,0,0,0
SB201314,24-Jun-13,2013,6,735409,0,0,0,0,0,0,0,0,0,0,0
SB201315,04-Jul-13,2013,7,735419,0,1,1,0,0,0,0,0,0,0,0
SB201316,09-Jul-13,2013,7,735424,1,2,2,0,0,0,0,0,0,0,0
SB201317,23-Jul-13,2013,7,735438,2,2,2,0,0,0,0,0,0,0,0
SB201318,26-Jul-13,2013,7,735441,2,2,2,0,0,0,0,0,0,0,0
SB201319,05-Aug-13,2013,8,735451,2,2,2,0,0,0,0,0,0,0,0
SB201320,07-Aug-13,2013,8,735453,2,2,2,0,0,0,0,0,0,0,0
SB201321,22-Aug-13,2013,8,735468,2,2,2,0,0,0,0,0,0,0,0
SB201322,04-Sep-13,2013,9,735481,0,0,0,0,0,0,0,0,0,0,0
SB201323,18-Sep-13,2013,9,735495,0,0,0,0,0,0,0,0,0,0,0
SB201324,02-Oct-13,2013,10,735509,0,0,0,0,0,0,0,0,0,0,0
SB201325,18-Oct-13,2013,10,735525,0,0,0,0,0,0,0,0,0,0,0
SB201326,04-Nov-13,2013,11,735542,0,0,0,0,0,0,0,0,0,0,0
SB201327,19-Nov-13,2013,11,735557,0,0,0,0,0,0,0,0,0,0,0
SB201328,27-Nov-13,2013,11,735565,0,0,0,0,0,0,0,0,0,0,0
SB201329,11-Dec-13,2013,12,735579,0,0,0,0,0,0,0,0,0,0,0
SB201330,16-Dec-13,2013,12,735584,0,0,0,0,0,0,0,0,0,0,0
SB201401,02-Jan-14,2014,1,735601,0,0,0,0,0,0,0,0,0,0,0
SB201402,13-Jan-14,2014,1,735612,0,0,0,0,0,0,0,0,0,0,0
SB201403,27-Jan-14,2014,1,735626,0,0,0,0,0,0,0,0,0,0,0
SB201404,10-Feb-14,2014,2,735640,0,0,0,0,0,0,0,0,0,0,0
SB201405,26-Feb-14,2014,2,735656,0,0,0,0,0,0,0,0,0,0,0
SB201406,05-Mar-14,2014,3,735663,0,0,0,0,0,0,0,0,0,0,0
SB201407,19-Mar-14,2014,3,735677,0,0,0,0,0,0,0,0,0,0,0
SB201408,01-Apr-14,2014,4,735690,0,0,0,0,0,0,0,0,0,0,0
SB201409,10-Apr-14,2014,4,735699,0,0,0,0,0,0,0,0,0,0,0
SB201410,24-Apr-14,2014,4,735713,0,0,0,0,0,0,0,0,0,0,0
SB201411,08-May-14,2014,5,735727,0,0,0,0,0,0,0,0,0,0,0
SB201412,19-May-14,2014,5,735738,0,0,0,0,0,0,0,0,0,0,0
SB201413,02-Jun-14,2014,6,735752,0,0,0,0,0,0,0,0,0,0,0
SB201414,14-Jun-14,2014,6,735764,0,0,1,0,0,0,0,0,0,0,0
SB201415,27-Jun-14,2014,6,735777,0,0,2,0,0,0,0,0,0,0,0
SB201416,01-Jul-14,2014,7,735781,0,0,2,0,0,0,0,0,0,0,0
SB201417,05-Jul-14,2014,7,735785,0,0,2,1,1,0,0,0,0,0,0
SB201418,18-Jul-14,2014,7,735798,0,0,2,2,2,0,0,0,0,0,0
SB201419,24-Jul-14,2014,7,735804,0,0,2,2,2,0,0,0,0,0,0
SB201420,07-Aug-14,2014,8,735818,0,0,2,0,0,0,0,0,0,0,0
SB201421,15-Aug-14,2014,8,735826,0,0,2,0,0,0,0,0,0,0,0
SB201422,29-Aug-14,2014,8,735840,0,0,2,0,0,0,0,0,0,0,0
SB201423,11-Sep-14,2014,9,735853,0,0,0,0,0,0,0,0,0,0,0
SB201424,24-Sep-14,2014,9,735866,0,0,0,0,0,0,0,0,0,0,0
SB201425,04-Oct-14,2014,10,735876,0,0,0,0,0,0,0,0,0,0,0
SB201426,17-Oct-14,2014,10,735889,0,0,0,0,0,0,0,0,0,0,0
SB201427,30-Oct-14,2014,10,735902,0,0,0,0,0,0,0,0,0,0,0
SB201428,14-Nov-14,2014,11,735917,0,0,0,0,0,0,0,0,0,0,0
SB201429,19-Nov-14,2014,11,735922,0,0,0,0,0,0,0,0,0,0,0
SB201430,02-Dec-14,2014,12,735935,0,0,0,0,0,0,0,0,0,0,0
SB201431,04-Dec-14,2014,12,735937,0,0,0,0,0,0,0,0,0,0,0
SB201432,18-Dec-14,2014,12,735951,0,0,0,0,0,0,0,0,0,0,0
SB201501,05-Jan-15,2015,1,735969,0,0,0,0,0,0,0,0,0,0,0
SB201502,22-Jan-15,2015,1,735986,0,0,0,0,0,0,0,0,0,0,0
SB201503,30-Jan-15,2015,1,735994,0,0,0,0,0,0,0,0,0,0,0
SB201504,16-Feb-15,2015,2,736011,0,0,0,0,0,0,0,0,0,0,0
SB201505,21-Feb-15,2015,2,736016,0,0,0,0,0,0,0,0,0,0,0
SB201506,06-Mar-15,2015,3,736029,0,0,0,0,0,0,0,0,0,0,0
SB201507,19-Mar-15,2015,3,736042,0,0,0,0,0,0,0,0,0,0,0
SB201508,01-Apr-15,2015,4,736055,0,0,0,0,0,0,0,0,0,0,0
SB201509,11-Apr-15,2015,4,736065,0,0,0,0,0,0,0,0,0,0,0
SB201510,24-Apr-15,2015,4,736078,0,0,0,0,0,0,0,0,0,0,0
SB201511,08-May-15,2015,5,736092,0,0,0,0,0,0,0,0,0,0,0
SB201512,22-May-15,2015,5,736106,0,0,0,0,0,0,0,0,0,0,0
SB201513,05-Jun-15,2015,6,736120,0,0,0,0,0,0,0,0,0,0,0
SB201514,08-Jun-15,2015,6,736123,0,0,0,0,0,0,0,0,0,0,0
SB201515,22-Jun-15,2015,6,736137,0,0,0,0,0,0,0,0,0,0,0
SB201516,24-Jun-15,2015,6,736139,0,0,0,0,0,0,0,0,0,0,0
SB201517,25-Jun-15,2015,6,736140,0,1,1,0,0,0,0,0,0,0,0
SB201518,10-Jul-15,2015,7,736155,0,2,2,0,0,0,0,0,0,0,0
SB201519,24-Jul-15,2015,7,736169,0,2,2,0,0,0,0,0,0,0,0
SB201520,07-Aug-15,2015,8,736183,0,2,2,0,0,0,0,0,0,0,0
SB201521,15-Aug-15,2015,8,736191,0,0,0,0,0,0,0,0,0,0,0
SB201522,29-Aug-15,2015,8,736205,0,0,0,0,0,0,0,0,0,0,0
SB201523,11-Sep-15,2015,9,736218,0,0,0,0,0,0,0,0,0,0,0
SB201524,24-Sep-15,2015,9,736231,0,0,0,0,0,0,0,0,0,0,0
SB201525,08-Oct-15,2015,10,736245,0,0,0,0,0,0,0,0,0,0,0
LSA2015xx,13-Oct-15,2015,10,736250,0,1,0,0,0,0,0,0,0,0,0
SB201526,15-Oct-15,2015,10,736252,0,2,0,0,0,0,0,1,0,0,0
LSA2015xx,16-Oct-15,2015,10,736253,0,2,1,0,0,0,0,2,0,0,0
SB201527,23-Oct-15,2015,10,736260,0,2,0,0,0,0,0,2,0,0,0
SB201528,06-Nov-15,2015,11,736274,0,2,0,0,0,0,0,2,0,0,0
SB201529,13-Nov-15,2015,11,736281,0,2,1,0,0,0,0,2,0,0,0
Region8_data,19-Nov-15,2015,11,736287,0,2,2,0,0,1,0,2,0,0,0
SB201531,21-Nov-15,2015,11,736289,0,2,2,0,0,2,1,2,0,0,0
SB201532,24-Nov-15,2015,11,736292,0,2,2,0,0,2,2,2,0,0,0
SB201533,26-Nov-15,2015,11,736294,0,2,2,1,1,2,2,2,0,0,0
SB201534,05-Dec-15,2015,12,736303,0,2,2,2,2,2,2,2,1,0,0
SB201535,18-Dec-15,2015,12,736316,0,2,2,2,2,2,2,2,2,0,0
SB201536,23-Dec-15,2015,12,736321,0,2,2,2,2,2,2,2,2,0,0
SB201601,07-Jan-16,2016,1,736336,0,2,2,0,0,2,2,2,2,0,0
SB201602,22-Jan-16,2016,1,736351,0,2,2,0,0,2,2,2,2,0,0
SB201603,29-Jan-16,2016,1,736358,0,2,2,0,0,2,2,2,2,0,0
SB201604,12-Feb-16,2016,2,736372,0,2,2,0,0,2,2,2,2,0,0
SB201605,18-Feb-16,2016,2,736378,0,2,2,0,0,2,2,0,2,0,0
SB201606,02-Mar-16,2016,3,736391,0,2,2,0,0,2,2,0,2,0,0
SB201607,05-Mar-16,2016,3,736394,0,2,2,0,0,2,2,0,2,0,0
SB201608,08-Mar-16,2016,3,736397,0,2,0,0,0,2,2,0,2,0,0
SB201609,19-Mar-16,2016,3,736408,0,2,0,0,0,2,2,0,2,0,0
SB201610,29-Mar-16,2016,3,736418,0,2,0,0,0,2,2,0,0,0,0
SB201611,01-Apr-16,2016,4,736421,0,2,0,0,0,2,2,0,0,0,0
SB201612,04-Apr-16,2016,4,736424,0,2,0,0,0,0,0,0,0,0,0
SB201613,08-Apr-16,2016,4,736428,0,0,0,0,0,0,0,0,0,0,0
SB201614,23-Apr-16,2016,4,736443,0,0,0,0,0,0,0,0,0,0,0
SB201615,10-May-16,2016,5,736460,0,0,0,0,0,0,0,0,0,0,0
SB201616,24-May-16,2016,5,736474,0,0,0,0,0,0,0,0,0,0,0
LSA2016xx,27-May-16,2016,5,736477,0,0,1,0,0,0,0,0,0,0,0
SB201617,31-May-16,2016,5,736481,0,0,2,0,0,0,0,0,0,0,0
LSA2016xx,03-Jun-16,2016,6,736484,0,1,2,0,0,0,0,0,0,0,0
SB201618,08-Jun-16,2016,6,736489,0,2,2,0,0,0,0,0,0,0,0
SB201619,22-Jun-16,2016,6,736503,0,2,2,0,0,0,0,0,0,0,0
SB201620,05-Jul-16,2016,7,736516,0,2,2,0,0,0,0,0,0,0,0
LSA2016xx,18-Jul-16,2016,7,736529,0,2,2,0,1,0,0,1,0,0,0
SB201621,20-Jul-16,2016,7,736531,0,2,2,1,2,0,0,0,0,0,0
SB201622,22-Jul-16,2016,7,736533,0,2,2,2,2,0,0,0,0,0,0
LSA2016xx,28-Jul-16,2016,7,736539,0,2,2,2,2,1,0,0,0,0,0
SB201623,01-Aug-16,2016,8,736543,0,2,2,2,2,0,0,1,0,0,0
SB201624,15-Aug-16,2016,8,736557,0,2,2,2,2,0,0,2,0,0,0
SB201625,25-Aug-16,2016,8,736567,0,2,2,2,2,1,0,2,1,0,0
SB201626,07-Sep-16,2016,9,736580,0,2,2,0,0,2,0,2,2,0,0
SB201627,21-Sep-16,2016,9,736594,0,2,2,0,0,0,0,2,2,0,0
SB201628,26-Sep-16,2016,9,736599,0,2,2,0,0,0,0,2,2,0,0
SB201629,10-Oct-16,2016,10,736613,0,2,2,0,0,0,0,2,2,0,0
SB201630,14-Oct-16,2016,10,736617,0,2,2,0,0,0,1,2,2,0,0
SB201631,26-Oct-16,2016,10,736629,0,2,2,0,0,0,2,2,2,0,0
SB201632,27-Oct-16,2016,10,736630,0,2,2,0,0,0,2,2,2,0,0
SB201633,10-Nov-16,2016,11,736644,0,2,2,0,0,0,2,2,2,0,0
SB201634,11-Nov-16,2016,11,736645,0,2,2,0,0,0,2,2,2,1,0
SB201635,19-Nov-16,2016,11,736653,0,2,2,0,0,0,2,2,2,2,0
SB201636,22-Nov-16,2016,11,736656,0,2,2,0,0,0,2,2,2,2,0
SB201637,06-Dec-16,2016,12,736670,0,2,2,0,0,0,2,2,2,2,0
SB201638,20-Dec-16,2016,12,736684,0,2,2,0,0,0,2,2,2,2,0
SB201639,28-Dec-16,2016,12,736692,0,2,2,0,0,0,2,2,2,2,0
SB201640,31-Dec-16,2016,12,736695,0,2,2,0,0,1,2,2,2,2,0
SB201701,12-Jan-17,2017,1,736707,0,2,2,0,0,2,2,2,2,0,0
SB201702,14-Jan-17,2017,1,736709,0,2,2,1,1,2,2,2,2,0,0
SB201703,17-Jan-17,2017,1,736712,0,2,2,2,2,2,2,2,2,0,0
SB201704,30-Jan-17,2017,1,736725,0,2,2,2,2,2,2,2,2,0,0
SB201705,02-Feb-17,2017,2,736728,0,2,2,0,0,2,2,2,2,0,0
SB201706,17-Feb-17,2017,2,736743,0,2,2,0,0,2,2,0,2,0,0
SB201707,01-Mar-17,2017,3,736755,0,2,2,0,0,2,2,0,2,0,0
SB201708,06-Mar-17,2017,3,736760,0,0,2,0,0,2,2,0,2,0,0
SB201709,08-Mar-17,2017,3,736762,0,0,2,0,0,2,0,0,2,0,0
SB201710,16-Mar-17,2017,3,736770,0,0,2,0,0,2,0,0,0,0,0
SB201711,30-Mar-17,2017,3,736784,0,0,0,0,0,2,0,0,0,0,0
SB201712,04-Apr-17,2017,4,736789,0,0,0,0,0,2,0,0,0,0,0
SB201713,07-Apr-17,2017,4,736792,0,0,0,0,0,0,0,0,0,0,0
SB201714,12-Apr-17,2017,4,736797,0,0,0,0,0,0,0,0,0,0,0
SB201715,26-Apr-17,2017,4,736811,0,0,0,0,0,0,0,0,0,0,0
SB201716,10-May-17,2017,5,736825,0,0,0,0,0,0,0,0,0,0,0
SB201717,26-May-17,2017,5,736841,0,0,0,0,0,0,0,0,0,0,0
LSA2017xx,30-May-17,2017,5,736845,0,1,1,0,0,0,0,0,0,0,0
LSA2017xx,02-Jun-17,2017,6,736848,0,2,2,0,0,0,0,0,0,0,0
SB201718,09-Jun-17,2017,6,736855,0,0,2,0,0,0,0,0,0,0,0
SB201719,22-Jun-17,2017,6,736868,0,0,2,0,0,0,0,0,0,0,0
SB201720,26-Jun-17,2017,6,736872,0,0,2,0,0,0,0,0,0,0,0
SB201721,03-Jul-17,2017,7,736879,0,0,2,0,0,0,0,0,0,0,0
SB201722,07-Jul-17,2017,7,736883,0,0,2,0,0,0,0,0,0,0,0
SB201723,20-Jul-17,2017,7,736896,0,0,2,0,0,0,0,0,0,0,0
SB201724,28-Jul-17,2017,7,736904,0,0,2,0,0,0,0,0,0,0,0
SB201725,03-Aug-17,2017,8,736910,0,0,2,0,0,0,0,0,0,0,0
SB201726,08-Aug-17,2017,8,736915,0,0,2,0,0,0,0,0,0,0,0
SB201727,15-Aug-17,2017,8,736922,0,0,2,1,1,0,0,0,0,0,0
SB201728,22-Aug-17,2017,8,736929,0,0,2,2,2,0,0,1,0,0,0
SB201729_LSA2017xx,25-Aug-17,2017,8,736932,0,1,2,2,2,1,0,2,0,0,0
SB201730,30-Aug-17,2017,8,736937,0,0,2,2,2,2,0,2,0,0,0
SB201731,15-Sep-17,2017,9,736953,0,0,2,2,2,2,0,2,0,0,0
SB201732,29-Sep-17,2017,9,736967,0,0,2,2,2,2,0,2,0,0,0
SB201733,09-Oct-17,2017,10,736977,0,0,2,2,2,2,0,2,0,0,0
SB201734,12-Oct-17,2017,10,736980,0,0,2,2,2,2,0,2,0,0,0
SB201735,30-Oct-17,2017,10,736998,0,0,2,2,2,2,0,2,0,0,0
SB201736,10-Nov-17,2017,11,737009,0,1,2,2,2,2,0,2,0,0,0
SB201737,17-Nov-17,2017,11,737016,0,2,2,2,2,2,0,2,0,0,0
SB201738,18-Nov-17,2017,11,737017,0,2,2,2,2,2,0,2,0,0,0
SB201739,01-Dec-17,2017,12,737030,0,2,2,2,2,2,0,2,0,0,0
SB201740,05-Dec-17,2017,12,737034,0,2,2,2,2,2,0,2,0,0,0
SB201741,08-Dec-17,2017,12,737037,0,2,2,2,2,2,0,2,0,0,0
SB201742,16-Dec-17,2017,12,737045,0,2,2,2,2,2,0,2,0,0,0
SB201743,28-Dec-17,2017,12,737057,0,2,2,2,2,2,0,2,1,0,0
SB201801,12-Jan-18,2018,1,737072,0,0,2,2,2,0,0,2,2,0,0
SB201802,15-Jan-18,2018,1,737075,0,0,2,0,0,0,0,2,2,0,0
SB201803,29-Jan-18,2018,1,737089,0,0,2,0,0,0,0,2,2,0,0
SB201804,30-Jan-18,2018,1,737090,0,0,2,0,0,0,0,2,2,0,0
SB201805,01-Feb-18,2018,2,737092,0,0,2,0,0,0,0,2,2,0,0
SB201806,15-Feb-18,2018,2,737106,0,0,2,0,0,0,0,2,2,0,0
SB201807,02-Mar-18,2018,3,737121,0,0,2,0,0,0,1,2,2,0,0
SB201808,07-Mar-18,2018,3,737126,0,0,2,0,0,0,2,2,2,0,0
SB201809,20-Mar-18,2018,3,737139,0,0,2,0,0,0,2,2,2,0,0
SB201810,21-Mar-18,2018,3,737140,0,0,0,0,0,0,2,2,2,0,0
SB201811,22-Mar-18,2018,3,737141,0,0,0,0,0,0,2,2,2,0,0
SB201812,06-Apr-18,2018,4,737156,0,0,0,0,0,0,2,2,2,0,0
SB201813,16-Apr-18,2018,4,737166,0,0,0,0,0,0,2,0,2,0,0
SB201814,02-May-18,2018,5,737182,0,0,0,0,0,0,2,0,2,0,0
SB201815,21-May-18,2018,5,737201,0,0,0,0,0,0,2,0,2,0,0
SB201816,05-Jun-18,2018,6,737216,0,0,0,0,0,0,2,0,2,0,0
SB201817,19-Jun-18,2018,6,737230,0,0,0,0,0,0,2,0,2,0,0
SB201818,25-Jun-18,2018,6,737236,0,0,0,0,0,0,2,0,2,0,0
SB201819,13-Jul-18,2018,7,737254,0,0,0,0,0,0,0,0,2,0,0
SB201820,28-Jul-18,2018,7,737269,0,0,0,0,0,0,0,0,2,0,0
LSA2018xx,06-Aug-18,2018,8,737278,0,0,0,0,1,0,0,0,0,0,0
SB201821,10-Aug-18,2018,8,737282,0,0,0,0,0,0,0,0,0,0,0
SB201822,29-Aug-18,2018,8,737301,0,0,0,0,0,0,0,0,0,0,0
SB201823,07-Sep-18,2018,9,737310,0,0,0,0,0,0,0,0,0,0,0
LSA2018xx,11-Sep-18,2018,9,737314,0,0,0,0,0,0,0,0,0,0,0
LSA2018xx,15-Sep-18,2018,9,737318,0,0,0,0,0,0,0,0,0,0,0
SB201824,21-Sep-18,2018,9,737324,0,0,0,0,0,0,0,0,0,0,0
SB201825,25-Sep-18,2018,9,737328,0,0,0,0,0,0,0,0,0,0,0
SB201826,12-Oct-18,2018,10,737345,0,0,0,0,0,0,0,0,0,0,0
SB201827,29-Oct-18,2018,10,737362,0,0,0,0,0,0,0,0,0,0,0
LSA2018xx,05-Nov-18,2018,11,737369,0,0,0,0,0,0,0,0,0,0,0
SB201828,08-Nov-18,2018,11,737372,0,0,0,0,0,0,0,0,0,0,0
SB201829,23-Nov-18,2018,11,737387,0,0,0,0,0,0,0,0,0,0,0
LSA2018xx,11-Dec-18,2018,12,737405,0,0,0,0,0,0,0,0,0,0,0
SB201830,14-Dec-18,2018,12,737408,0,0,0,0,0,0,0,0,0,0,0
SB201831,28-Dec-18,2018,12,737422,0,0,0,0,0,0,0,0,0,0,0
SB201901,14-Jan-19,2019,1,737439,0,0,0,0,0,0,0,0,0,0,0
SB201902,31-Jan-19,2019,1,737456,0,0,0,0,0,0,0,0,0,0,0
SB201903,07-Feb-19,2019,2,737463,0,0,0,0,0,0,0,0,0,0,0
LSA2019xx,20-Feb-19,2019,2,737476,0,0,0,0,0,0,0,0,0,0,1
SB201904,28-Feb-19,2019,2,737484,0,0,0,0,0,0,0,0,0,0,2
SB201905,05-Mar-19,2019,3,737489,0,0,0,0,0,0,0,0,0,0,2
SB201906,25-Mar-19,2019,3,737509,0,0,0,0,0,0,0,0,0,0,2
SB201907,04-Apr-19,2019,4,737519,0,0,0,0,0,0,0,0,0,0,2
RSA01,26-Apr-19,2019,4,737541,0,0,0,0,0,0,0,0,0,0,2
RSA02,03-May-19,2019,5,737548,0,0,0,0,0,0,0,0,0,0,2
SB201909,09-May-19,2019,5,737554,0,0,0,0,0,0,0,0,0,0,2
RSA03,21-May-19,2019,5,737566,0,0,0,0,0,0,0,0,0,0,2
LSA2019xx,10-Jun-19,2019,6,737586,0,0,1,0,0,0,0,0,0,0,2
SB201911,11-Jun-19,2019,6,737587,0,0,2,0,0,0,0,0,0,0,2
LSA2019xx,18-Jun-19,2019,6,737594,0,1,2,0,0,0,0,0,0,0,2
SB201912,28-Jun-19,2019,6,737604,0,2,2,0,0,0,0,0,0,0,2
FB2019xx,30-Jun-19,2019,6,737606,0,2,2,0,0,0,0,0,0,0,2
FB2019xx,12-Jul-19,2019,7,737618,0,2,2,1,0,0,0,0,0,0,2
SB201913,24-Jul-19,2019,7,737630,0,2,2,2,0,0,0,0,0,0,2
SB201914,09-Aug-19,2019,8,737646,0,2,2,2,0,0,0,0,0,0,2
SB201915,29-Aug-19,2019,8,737666,0,2,2,2,0,0,0,0,0,0,2
SB201916,09-Sep-19,2019,9,737677,0,0,2,0,0,0,0,0,0,0,2